product,prices,availability
        Fedra Epoch Nylon 55 litres Waterproof Strolley Duffle Bag 2 Wheels Luggage Bag Green White       ,399, In stock 
"        ORJILO Windproof Travel Umbrellas for Rain - Lightweight, Strong, Compact with & Easy Auto Open/Close Button for Single Hand Use - for Men & Women (BLACK)       ",499, In stock 
        NAPA HIDE Leather Wallet for Men I Handcrafted I Multiple Credit/Debit Card Slots I 2 Currency Compartments I 2 Secret Compartments       ,299, In stock 
"        Safari Flash Casual Backpack, 26 ltr Water Resistant Travel Bags| Weight Polyester Bagpack for Men and Women, Spacious Shoulder Bag for College, Office, Travelling and Camping       ",799, In stock 
        DZert Kids School Bag Soft Plush Backpacks Cartoon Boys Girls Baby (2-5 Years)       ,239, In stock 
        DEIN KLEIDER Men's Nylon Messenger Bag       ,349, In stock 
"        Trajectory Travel Neck Pillow for Men and Women for Sleeping and Travelling in International Flights, Car and Train with 2 Years Warranty (Grey)       ",249, In stock 
        Boldfit Shoe Bag for Travel & Storage Travel Organizer for Women & Men Travel Accessories Shoe Organizer Shoe Bags Pouches Travel Shoe Cover for Travelling Travel Essentials - Pack of 6 Shoe Pouch       ,199, In stock 
        BEAUTY GIRLS BY HOTSHOT 1522|School Bag|Tuition Bag|College Backpack|ForGirls&Women|Waterproof Bag       ,789, In stock 
        URBAN FOREST Oliver Black Leather Wallet for Men       ,499, In stock 
"        Amazon Brand - Solimo Rain & Dust Cover for Backpack (30 Litres, Black)       ",239, In stock 
"        Genie Iridescence School Bag for Girls, 17 inch Backpack for Women, 3 compartments Water Resistant Stylish and Trendy College Backpacks for Girls       ",899, In stock 
        NIVIA Basic Duffle Polyester Bag/Gym Bags/Adjustable Shoulder Bag for Men/Duffle Gym Bags for Men/Fitness Bag/Carry Bags/Sports & Travel Bag/Sports Kit/Duffle Bags Travel       ,239, In stock 
        Storite PU Leather 9 Slot Vertical Credit Debit Card Holder Money Wallet Zipper Coin Purse for Men Women - Light Brown (11.5 x 1.75 x 8 cm)       ,499, In stock 
        House of Quirk Travel Storage Printed Clothes Packing Cubes Space Savers Bags Cosmetics/Underwear/Socks/Shoes Organizer Pouch (Pack of 6 Grey)       ,489, In stock 
        WildHorn Green Leather Wallet for Men I 9 Card Slots I 2 Currency & Secret Compartments I 1 Zipper & 3 ID Card Slots       ,455, In stock 
        GoTrippin Metal Luggage Weighing Scale Digital (Silver_ELS)       ,799, In stock 
        SAFARI 15 Ltrs Sea Blue Casual/School/College Backpack (DAYPACKNEO15CBSEB)       ,248, In stock 
        M MEDLER Epoch Nylon 55 litres Waterproof Strolley Duffle Bag- 2 Wheels - Luggage Bag - (Navy Blue)       ,499, In stock 
        Sfane Polyester 23cms Duffle/Shoulder/Gym Bag for Men & Women with Separate Shoe Compartment (Grey)       ,389, In stock 
"        Safari Pentagon Trolley Bags for Travel, 55 cm Cabin Suitcase, 4 Wheel Cyan Small Luggage for Men and Women, Polypropylene Hard Side Cabin Bag       ","1,999", In stock 
        Shoeshine Shoe Bag for Travel & Storage Travel Organizer for Women & Men Travel Accessories Shoe Organizer Shoe Bags Pouches Travel Shoe Cover for Travelling-Shoe Pouch-Pack of 10       ,299, In stock 
        Skybags Brat Black 46 Cms Casual Backpack       ,630, In stock 
        URBAN CARRIER School Bag For girls school bags for boys Class 5-10 Large 4 partition 45 L Laptop Collage Office Travel Unisex Backpack       ,395, In stock 
        URBAN FOREST Oliver Redwood Leather Wallet for Men       ,499, In stock 
        Zipline Unisex casual polyester 36 L Backpack School Bag Women Men Boys Girls children Daypack College Bag Book School Sports Bag Weekend Bag       ,799, In stock 
"        GLUN Bolt Electronic Portable Fishing Hook Type Digital LED Screen Luggage Weighing Scale, 50 kg/110 Lb (Black)       ",259, In stock 
        WildHorn Leather Wallet for Men I Ultra Strong Stitching I 6 Credit Card Slots I 2 Currency Compartments I 1 Coin Pocket       ,270, In stock 
        American Tourister 32 Ltrs Black Casual Backpack (AMT FIZZ SCH BAG 02 - BLACK)       ,"1,199", In stock 
        Billebon Premium Neck Pillow Eye Mask Combo Airplane Travel Pillow with Comfortable Velvet Sleeping Eyemask Head Rest Pillow & 30 Years Warranty (Grey Neck Pillow with Eye Mask)       ,319, In stock 
